{"cameraMode":{"drawMode":0,"name":"Shaded","section":"Shading Mode"},"sceneLighting":true,"audioPlay":false,"sceneViewState":{"m_AlwaysRefresh":false,"showFog":true,"showSkybox":true,"showFlares":true,"showImageEffects":true,"showParticleSystems":true,"showVisualEffectGraphs":true,"m_FxEnabled":true},"in2DMode":false,"pivot":{"x":5.604763984680176,"y":-0.6052101850509644,"z":0.9082590937614441},"rotation":{"x":0.08322463929653168,"y":-0.6070957779884338,"z":0.06420381367206574,"w":0.7876103520393372},"size":0.8660253882408142,"orthographic":false}