{"cameraMode":{"drawMode":0,"name":"Shaded","section":"Shading Mode"},"sceneLighting":true,"audioPlay":false,"sceneViewState":{"m_AlwaysRefresh":false,"showFog":true,"showSkybox":true,"showFlares":true,"showImageEffects":true,"showParticleSystems":true,"showVisualEffectGraphs":true,"m_FxEnabled":true},"in2DMode":false,"pivot":{"x":-1.5099999904632569,"y":-2.9000000953674318,"z":-3.9499998092651369},"rotation":{"x":0.0012583993375301362,"y":-0.9341639280319214,"z":0.35676077008247378,"w":0.0033795437775552274},"size":0.8660253882408142,"orthographic":false}